Mortgage ID,Customer ID,Bank ID,Origination Date,Maturity Date,City,State,Property Type,Loan Purpose,Property Value (INR),Original Loan Amount (INR),Down Payment (INR),Loan Term (Years),Interest Rate (%),Rate Type,Current Balance (INR),Monthly EMI (INR),Current LTV (%),Credit Score,Last Payment Date,Last Payment Amount (INR),Next Payment Due Date,Payment Status,Days Past Due,Income to EMI Ratio (%),Auto Debit Enabled,Insurance With Bank
MORT500001,CUST10001,SBI001,2025-04-15,2050-04-15,Bhubaneswar,Odisha,Plot + Construction,Balance Transfer,15970000,9531000,6439000,25,7.28,Fixed,9305095,69075.04,58.27,846,2026-08-29,70935.07,2026-09-24,Current,0,38.0,Yes,Yes
MORT500002,CUST10002,KOTAK001,2019-12-26,2039-12-26,Pune,Maharashtra,Apartment,Home Purchase,12219000,7788000,4431000,20,7.54,Floating,5976840,62930.22,48.91,802,2026-09-08,64377.43,2026-09-25,Current,0,31.2,Yes,Yes
MORT500003,CUST10003,KOTAK001,2022-09-14,2047-09-14,Chennai,Tamil Nadu,Villa,Home Construction,9354000,5419000,3935000,25,8.49,Floating,5074587,43598.74,54.25,805,2026-08-29,43964.32,2026-09-22,Current,0,40.9,Yes,Yes
MORT500004,CUST10004,SBI001,2022-02-10,2047-02-10,Chennai,Tamil Nadu,Apartment,Home Purchase,15953000,13186000,2767000,25,7.72,Fixed,12211642,99338.09,76.55,692,2026-07-20,101467.58,2026-08-18,Current,0,54.9,Yes,No
MORT500005,CUST10005,AXIS001,2022-09-15,2037-09-15,Pune,Maharashtra,Villa,Home Construction,2852000,1931000,921000,15,8.02,Floating,1537939,18475.94,53.92,816,2026-07-20,18707.89,2026-08-10,Current,0,35.2,Yes,Yes
MORT500006,CUST10006,KOTAK001,2022-02-01,2032-02-01,Pune,Maharashtra,Independent House,Home Purchase,9497000,6150000,3347000,10,9.11,Floating,3859275,78272.19,40.64,811,2026-07-18,80029.07,2026-08-15,Current,0,52.2,No,Yes
MORT500007,CUST10007,ICICI001,2024-07-27,2044-07-27,Bengaluru,Karnataka,Villa,Home Purchase,12120000,6758000,5362000,20,7.2,Fixed,6343195,53209.07,52.34,765,2026-07-15,28588.11,2026-08-13,30_DPD,52,32.1,Yes,Yes
MORT500008,CUST10008,ICICI001,2020-10-13,2040-10-13,Jaipur,Rajasthan,Independent House,Home Purchase,4874000,3348000,1526000,20,8.41,Floating,2752343,28864.29,56.47,650,2026-07-23,28679.75,2026-08-07,Current,0,21.9,Yes,Yes
MORT500009,CUST10009,SBI001,2023-09-03,2033-09-03,Chennai,Tamil Nadu,Plot + Construction,Home Purchase,13992000,9448000,4544000,10,7.48,Floating,6555451,112050.83,46.85,751,2026-07-20,110173.38,2026-08-20,Current,0,27.1,No,Yes
MORT500010,CUST10010,KOTAK001,2025-02-03,2045-02-03,Kolkata,West Bengal,Plot + Construction,Home Purchase,8909000,4999000,3910000,20,8.68,Floating,4858546,43953.67,54.54,782,2026-06-29,44570.57,2026-08-01,Current,0,34.7,Yes,No
MORT500011,CUST10011,ICICI001,2024-07-04,2039-07-04,Delhi,Delhi,Plot + Construction,Home Purchase,10817000,6735000,4082000,15,8.58,Floating,6231013,66638.42,57.6,826,2026-08-07,67624.04,2026-08-27,Current,0,27.7,No,Yes
MORT500012,CUST10012,PNB001,2022-03-26,2042-03-26,Mumbai,Maharashtra,Independent House,Home Purchase,7596000,5648000,1948000,20,9.28,Fixed,5103651,51838.03,67.19,738,2026-07-24,53197.98,2026-08-25,Current,0,20.0,Yes,Yes
MORT500013,CUST10013,ICICI001,2022-10-16,2042-10-16,Kolkata,West Bengal,Apartment,Home Purchase,14417000,8975000,5442000,20,9.93,Fixed,8203908,86194.86,56.9,691,2026-08-05,87237.95,2026-08-20,Current,0,52.0,Yes,Yes
MORT500014,CUST10014,HDFC001,2024-08-20,2044-08-20,Mumbai,Maharashtra,Independent House,Home Purchase,10876000,9049000,1827000,20,7.99,Floating,8632100,75633.15,79.37,687,2026-08-22,76813.71,2026-09-09,Current,0,49.5,Yes,Yes
MORT500015,CUST10015,HDFC001,2022-08-08,2047-08-08,Delhi,Delhi,Apartment,Home Purchase,17296000,12462000,4834000,25,8.26,Fixed,11643903,98339.95,67.32,808,2026-09-06,99209.78,2026-09-21,Current,0,46.0,Yes,Yes
MORT500016,CUST10016,ICICI001,2021-04-03,2046-04-03,Pune,Maharashtra,Plot + Construction,Home Construction,3481000,2953000,528000,25,7.98,Floating,2700733,22752.62,77.58,746,2026-07-24,22926.41,2026-08-24,Current,0,25.9,Yes,Yes
MORT500017,CUST10017,HDFC001,2025-05-23,2040-05-23,Chennai,Tamil Nadu,Villa,Home Purchase,13419000,8881000,4538000,15,9.76,Floating,8557595,94135.97,63.77,696,2026-08-02,96247.77,2026-09-02,Current,0,24.2,Yes,Yes
MORT500018,CUST10018,ICICI001,2025-10-23,2045-10-23,Hyderabad,Telangana,Villa,Home Purchase,8265000,6062000,2203000,20,7.12,Fixed,5882642,47436.26,71.18,836,2026-08-15,46607.95,2026-09-14,Current,0,22.4,Yes,Yes
MORT500019,CUST10019,AXIS001,2020-02-23,2040-02-23,Delhi,Delhi,Independent House,Home Purchase,9883000,5895000,3988000,20,9.74,Floating,4980290,55876.3,50.39,779,2026-08-26,57455.5,2026-09-21,Current,0,45.3,Yes,Yes
MORT500020,CUST10020,PNB001,2022-03-23,2037-03-23,Pune,Maharashtra,Villa,Home Purchase,5487000,4614000,873000,15,7.23,Floating,3686872,42067.49,67.19,656,2026-08-07,41613.87,2026-08-26,Current,0,52.5,Yes,Yes
MORT500021,CUST10021,ICICI001,2022-05-01,2037-05-01,Bhubaneswar,Odisha,Apartment,Home Purchase,6020000,3763000,2257000,15,9.35,Floating,3104611,38954.29,51.57,774,2026-08-05,38657.72,2026-08-22,Current,0,35.1,Yes,No
MORT500022,CUST10022,AXIS001,2023-12-05,2038-12-05,Bhubaneswar,Odisha,Independent House,Home Purchase,9507000,8023000,1484000,15,7.15,Fixed,6737944,72787.48,70.87,850,2026-07-12,74786.03,2026-08-05,Current,0,24.2,Yes,No
MORT500023,CUST10023,ICICI001,2020-10-19,2040-10-19,Mumbai,Maharashtra,Villa,Balance Transfer,21771000,16276000,5495000,20,7.32,Fixed,13285972,129332.8,61.03,763,2026-09-01,87293.4,2026-09-18,60_DPD,83,37.9,Yes,Yes
MORT500024,CUST10024,SBI001,2021-01-01,2041-01-01,Mumbai,Maharashtra,Independent House,Home Purchase,7150000,4520000,2630000,20,8.29,Floating,3949597,38626.93,55.24,738,2026-08-04,38598.72,2026-08-26,Current,0,32.2,No,Yes
MORT500025,CUST10025,SBI001,2021-09-07,2036-09-07,Ahmedabad,Gujarat,Apartment,Home Construction,18177000,13427000,4750000,15,9.42,Floating,10600995,139560.61,58.32,638,2026-07-31,139648.66,2026-08-17,Current,0,33.1,Yes,No
MORT500026,CUST10026,KOTAK001,2025-05-12,2045-05-12,Ahmedabad,Gujarat,Apartment,Home Construction,19395000,15058000,4337000,20,9.94,Fixed,14740212,144714.87,76.0,836,2026-07-19,142207.58,2026-08-19,Current,0,41.7,No,Yes
MORT500027,CUST10027,PNB001,2019-07-14,2039-07-14,Ahmedabad,Gujarat,Villa,Home Purchase,13357000,9322000,4035000,20,7.39,Fixed,7127928,74471.64,53.36,680,2026-07-11,73320.97,2026-08-07,60_DPD,75,45.2,Yes,No
MORT500028,CUST10028,SBI001,2021-07-11,2046-07-11,Kolkata,West Bengal,Independent House,Home Purchase,24295000,18377000,5918000,25,9.83,Floating,17159748,164794.74,70.63,774,2026-08-18,168270.75,2026-09-10,Current,0,23.9,Yes,No
MORT500029,CUST10029,PNB001,2023-06-19,2043-06-19,Hyderabad,Telangana,Villa,Home Purchase,21921000,17846000,4075000,20,9.96,Floating,16763350,171745.08,76.47,720,2026-08-14,176093.27,2026-09-07,Current,0,21.2,Yes,Yes
MORT500030,CUST10030,PNB001,2020-12-26,2045-12-26,Ahmedabad,Gujarat,Independent House,Home Purchase,19762000,15747000,4015000,25,9.25,Floating,14189092,134854.45,71.8,748,2026-08-10,133665.0,2026-08-25,Current,0,54.8,Yes,Yes
MORT500031,CUST10031,AXIS001,2023-05-16,2043-05-16,Ahmedabad,Gujarat,Independent House,Balance Transfer,24842000,14213000,10629000,20,10.15,Floating,0,138574.02,0.0,721,2026-09-05,59208.22,2026-09-22,Closed,0,28.1,Yes,No
MORT500032,CUST10032,KOTAK001,2024-12-24,2044-12-24,Bhubaneswar,Odisha,Plot + Construction,Home Purchase,8741000,5301000,3440000,20,8.21,Floating,5062842,45035.0,57.92,706,2026-07-22,29125.21,2026-08-22,90+_DPD,153,21.9,Yes,Yes
MORT500033,CUST10033,SBI001,2023-03-06,2053-03-06,Bhubaneswar,Odisha,Villa,Home Purchase,18829000,13821000,5008000,30,10.04,Floating,13559374,121697.9,72.01,755,2026-08-15,121556.35,2026-09-15,Current,0,26.6,Yes,Yes
MORT500034,CUST10034,KOTAK001,2021-11-17,2046-11-17,Bengaluru,Karnataka,Apartment,Balance Transfer,13046000,8799000,4247000,25,7.28,Floating,7974197,63769.94,61.12,744,2026-07-20,64265.53,2026-08-06,Current,0,21.4,Yes,Yes
MORT500035,CUST10035,KOTAK001,2020-03-17,2035-03-17,Bengaluru,Karnataka,Independent House,Balance Transfer,7114000,4449000,2665000,15,7.75,Floating,3248952,41877.36,45.67,620,2026-08-28,42195.43,2026-09-12,Current,0,33.7,Yes,Yes
MORT500036,CUST10036,PNB001,2019-01-16,2039-01-16,Delhi,Delhi,Villa,Home Purchase,11962000,9395000,2567000,20,9.64,Floating,7693373,88434.42,64.32,745,2026-08-05,89274.18,2026-09-06,Current,0,48.1,Yes,No
MORT500037,CUST10037,KOTAK001,2025-02-20,2045-02-20,Bhubaneswar,Odisha,Independent House,Home Purchase,12645000,10409000,2236000,20,8.75,Floating,10208029,91985.45,80.73,749,2026-08-01,94653.18,2026-08-20,Current,0,31.9,Yes,No
MORT500038,CUST10038,ICICI001,2021-11-16,2041-11-16,Hyderabad,Telangana,Apartment,Balance Transfer,14588000,10037000,4551000,20,8.36,Floating,8652012,86216.11,59.31,838,2026-09-08,88260.8,2026-09-25,Current,0,35.5,No,No
MORT500039,CUST10039,SBI001,2023-10-19,2033-10-19,Bhubaneswar,Odisha,Apartment,Home Purchase,6301000,3992000,2309000,10,7.38,Fixed,3085001,47136.1,48.96,681,2026-08-30,46951.29,2026-09-26,Current,0,43.6,Yes,Yes
MORT500040,CUST10040,KOTAK001,2024-08-11,2049-08-11,Chennai,Tamil Nadu,Independent House,Home Purchase,3874000,2452000,1422000,25,9.46,Floating,2391336,21354.9,61.73,749,2026-08-26,21421.67,2026-09-23,Current,0,37.8,Yes,Yes
MORT500041,CUST10041,SBI001,2021-07-03,2046-07-03,Pune,Maharashtra,Independent House,Home Purchase,14013000,9944000,4069000,25,8.51,Fixed,9198229,80138.8,65.64,715,2026-08-07,79383.29,2026-09-07,Current,0,50.2,Yes,Yes
MORT500042,CUST10042,PNB001,2019-04-25,2039-04-25,Chennai,Tamil Nadu,Plot + Construction,Home Purchase,20256000,14170000,6086000,20,8.79,Fixed,11613124,125583.7,57.33,710,2026-08-26,124853.9,2026-09-19,Current,0,50.3,Yes,Yes
MORT500043,CUST10043,ICICI001,2020-11-24,2040-11-24,Kolkata,West Bengal,Villa,Home Purchase,9933000,8245000,1688000,20,7.81,Fixed,6818248,67992.74,68.64,825,2026-09-01,66905.65,2026-09-24,Current,0,20.3,Yes,Yes
MORT500044,CUST10044,SBI001,2022-08-06,2042-08-06,Delhi,Delhi,Villa,Home Construction,24313000,19685000,4628000,20,7.91,Floating,17453384,163552.34,71.79,757,2026-07-04,164656.62,2026-08-02,Current,0,47.2,Yes,No
MORT500045,CUST10045,SBI001,2023-06-26,2043-06-26,Delhi,Delhi,Apartment,Home Purchase,12072000,8478000,3594000,20,7.46,Floating,7681915,68090.98,63.63,697,2026-07-19,67986.22,2026-08-03,Current,0,36.1,Yes,No
MORT500046,CUST10046,AXIS001,2022-02-13,2047-02-13,Delhi,Delhi,Independent House,Home Purchase,4477000,2649000,1828000,25,7.47,Fixed,2450720,19524.21,54.74,774,2026-08-29,19944.59,2026-09-17,Current,0,54.6,Yes,Yes
MORT500047,CUST10047,SBI001,2021-09-02,2036-09-02,Ahmedabad,Gujarat,Independent House,Home Purchase,3996000,3086000,910000,15,9.75,Floating,2411152,32691.93,60.34,801,2026-07-03,33125.42,2026-08-05,Current,0,36.9,No,Yes
MORT500048,CUST10048,SBI001,2023-10-25,2048-10-25,Kolkata,West Bengal,Independent House,Home Purchase,12669000,9681000,2988000,25,9.07,Floating,9329392,81707.16,73.64,795,2026-07-25,83748.1,2026-08-25,Current,0,54.5,No,Yes
MORT500049,CUST10049,AXIS001,2021-07-19,2041-07-19,Hyderabad,Telangana,Independent House,Home Purchase,9988000,7682000,2306000,20,7.63,Floating,0,62497.75,0.0,786,2026-07-13,30366.2,2026-08-01,Closed,0,46.4,Yes,Yes
MORT500050,CUST10050,ICICI001,2023-11-10,2043-11-10,Chennai,Tamil Nadu,Villa,Home Purchase,20978000,12234000,8744000,20,7.5,Floating,11147926,98556.27,53.14,847,2026-07-09,100388.84,2026-08-04,Current,0,28.7,Yes,No
MORT500051,CUST10051,AXIS001,2022-04-26,2037-04-26,Kolkata,West Bengal,Villa,Balance Transfer,10278000,6213000,4065000,15,8.94,Floating,5095876,62794.82,49.58,795,2026-07-07,63458.73,2026-08-08,Current,0,38.8,Yes,Yes
MORT500052,CUST10052,PNB001,2022-04-05,2047-04-05,Pune,Maharashtra,Apartment,Balance Transfer,18413000,10970000,7443000,25,9.01,Floating,10336990,92134.97,56.14,756,2026-08-15,92369.18,2026-09-09,Current,0,54.7,Yes,No
MORT500053,CUST10053,ICICI001,2024-04-22,2049-04-22,Bhubaneswar,Odisha,Independent House,Home Purchase,9973000,6417000,3556000,25,9.01,Floating,6211176,53895.18,62.28,818,2026-06-30,54265.43,2026-08-03,Current,0,50.0,Yes,Yes
MORT500054,CUST10054,ICICI001,2020-11-02,2045-11-02,Kolkata,West Bengal,Independent House,Home Purchase,15709000,8795000,6914000,25,7.88,Floating,7806857,67183.58,49.7,727,2026-08-09,67057.25,2026-08-24,Current,0,23.4,Yes,Yes
MORT500055,CUST10055,PNB001,2020-05-17,2035-05-17,Bengaluru,Karnataka,Apartment,Home Purchase,24124000,14344000,9780000,15,7.37,Floating,9905846,131913.21,41.06,701,2026-07-25,131579.39,2026-08-27,Current,0,44.7,No,No
MORT500056,CUST10056,ICICI001,2023-08-19,2033-08-19,Delhi,Delhi,Plot + Construction,Home Purchase,19949000,13685000,6264000,10,8.49,Floating,10619119,169601.23,53.23,698,2026-08-10,173517.2,2026-09-01,Current,0,32.1,Yes,Yes
MORT500057,CUST10057,ICICI001,2021-02-01,2031-02-01,Pune,Maharashtra,Apartment,Home Purchase,6013000,4599000,1414000,10,7.19,Floating,2478064,53849.73,41.21,799,2026-08-27,54305.95,2026-09-25,Current,0,20.2,Yes,Yes
MORT500058,CUST10058,KOTAK001,2020-03-24,2045-03-24,Kolkata,West Bengal,Villa,Home Purchase,21753000,17382000,4371000,25,9.2,Floating,15843054,148257.04,72.83,697,2026-08-23,61662.97,2026-09-07,30_DPD,36,34.1,Yes,Yes
MORT500059,CUST10059,SBI001,2022-02-02,2047-02-02,Hyderabad,Telangana,Independent House,Home Construction,16557000,10775000,5782000,25,8.24,Floating,10065663,84883.51,60.79,689,2026-08-26,84117.48,2026-09-21,Current,0,28.2,Yes,Yes
MORT500060,CUST10060,ICICI001,2019-10-24,2049-10-24,Chennai,Tamil Nadu,Independent House,Balance Transfer,13099000,7920000,5179000,30,8.71,Floating,7321698,62080.55,55.9,850,2026-07-15,61271.5,2026-08-07,Current,0,48.7,Yes,No
MORT500061,CUST10061,SBI001,2020-02-23,2045-02-23,Bengaluru,Karnataka,Plot + Construction,Home Purchase,21008000,14893000,6115000,25,8.67,Floating,13550340,121633.42,64.5,756,2026-07-21,123653.66,2026-08-10,Current,0,31.8,No,Yes
MORT500062,CUST10062,KOTAK001,2023-07-10,2048-07-10,Delhi,Delhi,Apartment,Home Construction,11922000,7927000,3995000,25,7.25,Floating,7417605,57296.9,62.22,620,2026-08-03,58359.72,2026-08-21,Current,0,49.0,Yes,No
MORT500063,CUST10063,PNB001,2021-04-17,2046-04-17,Bhubaneswar,Odisha,Villa,Home Purchase,16234000,13552000,2682000,25,10.11,Floating,12689192,124199.55,78.16,663,2026-06-30,122034.91,2026-08-03,Current,0,20.0,Yes,Yes
MORT500064,CUST10064,AXIS001,2020-09-26,2040-09-26,Jaipur,Rajasthan,Villa,Home Purchase,10249000,6718000,3531000,20,9.32,Floating,5670322,61833.04,55.33,753,2026-07-02,63067.9,2026-08-03,Current,0,30.8,Yes,Yes
MORT500065,CUST10065,HDFC001,2020-12-19,2040-12-19,Chennai,Tamil Nadu,Independent House,Home Purchase,20667000,17332000,3335000,20,9.28,Floating,14931473,159075.19,72.25,798,2026-07-23,162647.98,2026-08-22,Current,0,28.4,Yes,No
MORT500066,CUST10066,HDFC001,2025-11-26,2035-11-26,Bhubaneswar,Odisha,Villa,Balance Transfer,17573000,9898000,7675000,10,10.25,Floating,8807495,132176.9,50.12,830,2026-07-16,134142.51,2026-08-14,Current,0,28.2,Yes,Yes
MORT500067,CUST10067,SBI001,2020-11-23,2045-11-23,Bengaluru,Karnataka,Villa,Home Purchase,19264000,10912000,8352000,25,8.75,Floating,9851170,89712.31,51.14,689,2026-07-16,91041.35,2026-08-02,Current,0,22.4,Yes,Yes
MORT500068,CUST10068,ICICI001,2025-08-17,2045-08-17,Mumbai,Maharashtra,Villa,Balance Transfer,17387000,13412000,3975000,20,8.44,Floating,12875983,115883.63,74.06,837,2026-08-06,116630.72,2026-09-02,Current,0,26.5,Yes,Yes
MORT500069,CUST10069,PNB001,2022-01-21,2042-01-21,Hyderabad,Telangana,Apartment,Home Purchase,15567000,9831000,5736000,20,7.39,Floating,8682321,78537.94,55.77,712,2026-08-23,78130.75,2026-09-24,Current,0,39.4,No,Yes
MORT500070,CUST10070,PNB001,2019-05-14,2029-05-14,Bhubaneswar,Odisha,Apartment,Balance Transfer,4963000,3313000,1650000,10,10.11,Fixed,1229202,43983.59,24.77,803,2026-08-10,44425.18,2026-09-07,Current,0,30.2,Yes,Yes
MORT500071,CUST10071,HDFC001,2025-04-04,2040-04-04,Mumbai,Maharashtra,Villa,Home Purchase,23711000,17662000,6049000,15,8.71,Floating,16579417,176105.66,69.92,737,2026-08-17,93299.79,2026-09-05,60_DPD,83,34.6,Yes,No
MORT500072,CUST10072,ICICI001,2019-11-10,2039-11-10,Ahmedabad,Gujarat,Villa,Home Purchase,13552000,11504000,2048000,20,8.56,Floating,9182309,100271.68,67.76,754,2026-08-20,100559.62,2026-09-05,Current,0,33.2,Yes,Yes
MORT500073,CUST10073,KOTAK001,2019-03-25,2044-03-25,Chennai,Tamil Nadu,Apartment,Home Purchase,3297000,2139000,1158000,25,9.42,Floating,1925183,18569.56,58.39,747,2026-07-20,19028.67,2026-08-16,Current,0,50.7,Yes,Yes
MORT500074,CUST10074,ICICI001,2023-03-26,2043-03-26,Pune,Maharashtra,Apartment,Home Purchase,17398000,12407000,4991000,20,9.41,Floating,11509588,114921.32,66.15,765,2026-08-02,116693.19,2026-09-01,Current,0,51.7,Yes,No
MORT500075,CUST10075,KOTAK001,2020-04-27,2045-04-27,Jaipur,Rajasthan,Apartment,Home Purchase,6069000,4942000,1127000,25,7.19,Floating,4355614,35530.3,71.77,739,2026-07-31,35807.76,2026-08-18,Current,0,37.3,Yes,Yes
MORT500076,CUST10076,AXIS001,2020-11-17,2040-11-17,Pune,Maharashtra,Villa,Balance Transfer,5106000,3385000,1721000,20,9.68,Fixed,2891762,31951.58,56.63,714,2026-08-24,31858.72,2026-09-09,Current,0,31.6,Yes,No
MORT500077,CUST10077,KOTAK001,2023-06-04,2038-06-04,Jaipur,Rajasthan,Plot + Construction,Home Construction,19844000,16554000,3290000,15,9.53,Fixed,14824323,173160.75,74.7,721,2026-08-21,178126.04,2026-09-18,Current,0,23.7,Yes,Yes
MORT500078,CUST10078,KOTAK001,2021-04-12,2031-04-12,Kolkata,West Bengal,Apartment,Home Purchase,2998000,1940000,1058000,10,9.53,Floating,1050676,25135.0,35.05,757,2026-08-15,25167.91,2026-09-02,Current,0,53.4,Yes,Yes
MORT500079,CUST10079,KOTAK001,2025-11-20,2050-11-20,Chennai,Tamil Nadu,Villa,Home Purchase,19889000,12312000,7577000,25,9.83,Fixed,12071340,110407.18,60.69,795,2026-07-31,112395.03,2026-08-20,Current,0,22.1,No,No
MORT500080,CUST10080,PNB001,2020-12-06,2035-12-06,Chennai,Tamil Nadu,Independent House,Home Construction,7295000,4080000,3215000,15,8.26,Floating,2795954,39605.47,38.33,754,2026-07-26,40339.99,2026-08-17,Current,0,30.4,Yes,Yes
MORT500081,CUST10081,ICICI001,2021-12-21,2046-12-21,Bengaluru,Karnataka,Plot + Construction,Home Purchase,24269000,14698000,9571000,25,7.1,Floating,13261191,104821.91,54.64,681,2026-09-09,106905.56,2026-09-25,Current,0,30.4,Yes,No
MORT500082,CUST10082,HDFC001,2023-02-18,2043-02-18,Ahmedabad,Gujarat,Independent House,Home Purchase,16000000,10200000,5800000,20,9.81,Floating,9532665,97151.66,59.58,793,2026-08-27,96384.38,2026-09-19,Current,0,31.2,Yes,Yes
MORT500083,CUST10083,SBI001,2024-06-20,2044-06-20,Bengaluru,Karnataka,Independent House,Home Purchase,19956000,16611000,3345000,20,8.78,Fixed,15692651,147111.31,78.64,734,2026-08-10,149267.91,2026-09-07,Current,0,25.8,No,Yes
MORT500084,CUST10084,AXIS001,2019-08-11,2034-08-11,Mumbai,Maharashtra,Plot + Construction,Home Purchase,22665000,16510000,6155000,15,9.03,Floating,10767319,167750.19,47.51,819,2026-08-22,75163.64,2026-09-20,60_DPD,67,47.4,Yes,Yes
MORT500085,CUST10085,KOTAK001,2020-06-26,2040-06-26,Kolkata,West Bengal,Villa,Home Purchase,3417000,2047000,1370000,20,9.38,Floating,1707673,18920.61,49.98,743,2026-07-26,18860.91,2026-08-23,Current,0,24.3,Yes,Yes
MORT500086,CUST10086,AXIS001,2021-12-18,2031-12-18,Jaipur,Rajasthan,Apartment,Home Construction,17198000,11173000,6025000,10,8.65,Floating,5738506,139427.16,33.37,850,2026-07-24,138435.02,2026-08-22,Current,0,42.2,Yes,No
MORT500087,CUST10087,AXIS001,2025-10-24,2045-10-24,Pune,Maharashtra,Independent House,Home Purchase,10284000,6801000,3483000,20,7.23,Floating,6643508,53671.09,64.6,674,2026-08-19,54201.69,2026-09-04,Current,0,24.3,Yes,Yes
MORT500088,CUST10088,PNB001,2021-03-26,2046-03-26,Jaipur,Rajasthan,Independent House,Home Purchase,7240000,5335000,1905000,25,9.41,Floating,4981998,46278.38,68.81,850,2026-08-30,45902.47,2026-09-23,Current,0,22.5,Yes,No
MORT500089,CUST10089,HDFC001,2023-06-13,2043-06-13,Mumbai,Maharashtra,Plot + Construction,Home Purchase,4691000,3150000,1541000,20,8.93,Floating,2935602,28199.71,62.58,774,2026-08-16,28561.71,2026-09-02,Current,0,51.8,Yes,No
MORT500090,CUST10090,HDFC001,2022-07-15,2037-07-15,Ahmedabad,Gujarat,Plot + Construction,Home Purchase,22383000,15279000,7104000,15,8.51,Floating,12201149,150547.93,54.51,720,2026-08-14,154677.34,2026-09-08,Current,0,26.7,Yes,Yes
MORT500091,CUST10091,KOTAK001,2022-09-11,2047-09-11,Delhi,Delhi,Apartment,Home Purchase,17436000,12072000,5364000,25,9.64,Floating,11345660,106649.87,65.07,745,2026-08-21,109511.31,2026-09-09,Current,0,48.7,Yes,Yes
MORT500092,CUST10092,ICICI001,2024-05-21,2039-05-21,Chennai,Tamil Nadu,Independent House,Home Purchase,4824000,3499000,1325000,15,8.35,Floating,3232357,34149.08,67.01,749,2026-08-01,35127.62,2026-09-02,Current,0,39.1,Yes,No
MORT500093,CUST10093,SBI001,2024-04-23,2034-04-23,Bhubaneswar,Odisha,Villa,Home Purchase,9428000,7179000,2249000,10,9.22,Floating,6173384,91797.49,65.48,775,2026-07-17,93140.61,2026-08-15,Current,0,22.7,Yes,No
MORT500094,CUST10094,KOTAK001,2020-02-17,2045-02-17,Bengaluru,Karnataka,Apartment,Home Purchase,21954000,17136000,4818000,25,9.61,Fixed,15725045,151029.04,71.63,724,2026-07-19,150982.71,2026-08-16,Current,0,53.4,Yes,Yes
MORT500095,CUST10095,SBI001,2022-02-18,2042-02-18,Ahmedabad,Gujarat,Apartment,Home Construction,9658000,7822000,1836000,20,9.47,Floating,7116282,72758.13,73.68,776,2026-08-04,74241.84,2026-09-06,Current,0,28.6,Yes,Yes
MORT500096,CUST10096,HDFC001,2021-11-01,2036-11-01,Bhubaneswar,Odisha,Villa,Home Purchase,14751000,8139000,6612000,15,8.25,Floating,6225855,78959.72,42.21,716,2026-08-10,78318.35,2026-08-25,Current,0,50.1,No,Yes
MORT500097,CUST10097,AXIS001,2020-11-03,2035-11-03,Mumbai,Maharashtra,Plot + Construction,Home Purchase,16958000,13190000,3768000,15,8.81,Floating,9411954,132295.05,55.5,735,2026-08-20,133132.63,2026-09-05,Current,0,25.9,No,No
MORT500098,CUST10098,PNB001,2025-06-14,2050-06-14,Ahmedabad,Gujarat,Villa,Home Purchase,23999000,13331000,10668000,25,7.12,Floating,13060836,95243.69,54.42,758,2026-07-28,97788.77,2026-08-15,Current,0,49.9,No,Yes
MORT500099,CUST10099,KOTAK001,2023-04-16,2043-04-16,Hyderabad,Telangana,Villa,Home Purchase,17577000,14569000,3008000,20,8.93,Floating,13397755,130425.9,76.22,720,2026-07-21,66368.92,2026-08-11,90+_DPD,179,20.5,Yes,No
MORT500100,CUST10100,SBI001,2019-10-10,2044-10-10,Kolkata,West Bengal,Plot + Construction,Home Purchase,12052000,6943000,5109000,25,8.28,Floating,6037785,54881.35,50.1,845,2026-07-30,55961.81,2026-08-22,Current,0,37.9,Yes,Yes
MORT500101,CUST10101,HDFC001,2023-10-08,2048-10-08,Kolkata,West Bengal,Villa,Home Construction,15024000,9415000,5609000,25,9.41,Floating,9058904,81670.29,60.3,722,2026-07-22,80661.6,2026-08-23,Current,0,46.9,Yes,Yes
MORT500102,CUST10102,KOTAK001,2019-07-21,2034-07-21,Ahmedabad,Gujarat,Independent House,Home Purchase,3032000,2252000,780000,15,8.82,Floating,1448855,22600.77,47.79,775,2026-08-09,22459.0,2026-08-25,Current,0,52.7,Yes,Yes
MORT500103,CUST10103,ICICI001,2024-07-09,2049-07-09,Kolkata,West Bengal,Independent House,Home Purchase,24803000,14597000,10206000,25,9.38,Fixed,14139052,126318.0,57.01,718,2026-08-11,125834.03,2026-09-03,Current,0,51.8,Yes,Yes
MORT500104,CUST10104,AXIS001,2022-01-02,2042-01-02,Delhi,Delhi,Independent House,Home Purchase,4073000,3022000,1051000,20,8.97,Floating,2747867,27131.44,67.47,807,2026-08-14,26659.81,2026-09-03,Current,0,48.7,Yes,Yes
MORT500105,CUST10105,AXIS001,2021-02-23,2041-02-23,Kolkata,West Bengal,Villa,Balance Transfer,3853000,2769000,1084000,20,7.65,Floating,2352760,22561.53,61.06,709,2026-08-12,22449.69,2026-09-12,Current,0,51.1,Yes,Yes
MORT500106,CUST10106,KOTAK001,2023-07-19,2038-07-19,Hyderabad,Telangana,Plot + Construction,Home Purchase,24831000,20563000,4268000,15,9.75,Floating,18175049,217836.74,73.19,764,2026-08-18,222898.03,2026-09-08,Current,0,27.0,Yes,Yes
MORT500107,CUST10107,ICICI001,2022-02-14,2037-02-14,Ahmedabad,Gujarat,Independent House,Home Purchase,7616000,4969000,2647000,15,8.19,Floating,4009897,48032.99,52.65,832,2026-08-03,48310.81,2026-09-04,Current,0,29.9,Yes,Yes
MORT500108,CUST10108,PNB001,2024-12-05,2044-12-05,Jaipur,Rajasthan,Apartment,Home Purchase,13776000,9218000,4558000,20,9.08,Floating,8742696,83411.61,63.46,762,2026-08-04,82627.46,2026-09-03,Current,0,30.1,No,Yes
MORT500109,CUST10109,ICICI001,2021-02-27,2046-02-27,Delhi,Delhi,Villa,Home Purchase,10287000,8669000,1618000,25,9.69,Floating,8048235,76888.86,78.24,810,2026-08-25,76023.24,2026-09-22,Current,0,33.2,Yes,No
MORT500110,CUST10110,AXIS001,2019-05-02,2029-05-02,Hyderabad,Telangana,Villa,Home Purchase,3081000,1819000,1262000,10,8.83,Floating,520621,22875.3,16.9,672,2026-08-12,23126.46,2026-09-06,Current,0,33.8,Yes,Yes
MORT500111,CUST10111,AXIS001,2021-05-19,2036-05-19,Kolkata,West Bengal,Apartment,Home Purchase,7264000,5051000,2213000,15,9.05,Floating,3876125,51380.95,53.36,728,2026-08-12,50810.02,2026-09-14,Current,0,39.1,No,Yes
MORT500112,CUST10112,KOTAK001,2025-08-17,2040-08-17,Bhubaneswar,Odisha,Apartment,Home Construction,7468000,4497000,2971000,15,9.77,Floating,4345694,47694.2,58.19,737,2026-08-13,32860.4,2026-09-03,30_DPD,59,25.6,Yes,Yes
MORT500113,CUST10113,AXIS001,2024-07-02,2039-07-02,Kolkata,West Bengal,Apartment,Home Purchase,11918000,9381000,2537000,15,9.25,Floating,8535953,96548.53,71.62,675,2026-07-20,94929.49,2026-08-21,Current,0,44.2,Yes,No
MORT500114,CUST10114,SBI001,2022-11-21,2047-11-21,Mumbai,Maharashtra,Apartment,Home Purchase,4707000,3278000,1429000,25,8.12,Fixed,3033892,25561.27,64.45,816,2026-07-31,25551.55,2026-08-20,Current,0,25.9,Yes,Yes
MORT500115,CUST10115,HDFC001,2019-08-09,2049-08-09,Chennai,Tamil Nadu,Plot + Construction,Home Purchase,20700000,11860000,8840000,30,10.03,Floating,11108410,104343.01,53.66,850,2026-07-31,103440.26,2026-08-22,Current,0,30.9,Yes,No
MORT500116,CUST10116,KOTAK001,2023-03-05,2048-03-05,Bengaluru,Karnataka,Plot + Construction,Home Purchase,14025000,10576000,3449000,25,7.37,Fixed,9923986,77263.6,70.76,726,2026-08-03,79413.47,2026-09-03,Current,0,37.6,No,No
MORT500117,CUST10117,HDFC001,2024-04-11,2054-04-11,Delhi,Delhi,Apartment,Home Purchase,23702000,18610000,5092000,30,8.4,Floating,18255395,141777.99,77.02,717,2026-08-16,141036.81,2026-09-16,Current,0,47.9,Yes,Yes
MORT500118,CUST10118,KOTAK001,2020-03-17,2035-03-17,Jaipur,Rajasthan,Apartment,Balance Transfer,8366000,4775000,3591000,15,8.61,Floating,3526862,47329.71,42.16,808,2026-09-05,46652.79,2026-09-27,Current,0,45.9,Yes,Yes
MORT500119,CUST10119,KOTAK001,2022-02-11,2032-02-11,Jaipur,Rajasthan,Villa,Home Purchase,4993000,3643000,1350000,10,8.28,Fixed,2221427,44740.47,44.49,791,2026-07-10,45829.74,2026-08-12,Current,0,42.6,Yes,No
MORT500120,CUST10120,PNB001,2024-07-07,2049-07-07,Chennai,Tamil Nadu,Villa,Home Purchase,23176000,14501000,8675000,25,8.55,Floating,14019489,117254.99,60.49,768,2026-07-18,116786.32,2026-08-12,Current,0,25.5,Yes,Yes
MORT500121,CUST10121,PNB001,2022-02-02,2037-02-02,Delhi,Delhi,Villa,Home Purchase,18835000,14980000,3855000,15,8.69,Floating,12241670,149187.09,64.99,850,2026-07-20,147333.96,2026-08-22,Current,0,39.1,No,Yes
MORT500122,CUST10122,SBI001,2019-05-15,2034-05-15,Chennai,Tamil Nadu,Apartment,Home Construction,15056000,11947000,3109000,15,9.88,Floating,8262662,127507.44,54.88,819,2026-08-25,126258.09,2026-09-10,Current,0,23.1,Yes,No
MORT500123,CUST10123,KOTAK001,2025-11-27,2050-11-27,Delhi,Delhi,Independent House,Home Purchase,10943000,7787000,3156000,25,9.77,Floating,7647849,69501.94,69.89,805,2026-08-30,71158.34,2026-09-19,Current,0,33.2,Yes,Yes
MORT500124,CUST10124,AXIS001,2023-04-20,2048-04-20,Bhubaneswar,Odisha,Apartment,Home Purchase,7387000,4368000,3019000,25,7.11,Floating,4116150,31179.3,55.72,803,2026-08-08,30700.69,2026-09-04,Current,0,34.5,Yes,No
MORT500125,CUST10125,AXIS001,2023-10-23,2048-10-23,Pune,Maharashtra,Plot + Construction,Home Purchase,3688000,2567000,1121000,25,9.0,Floating,2438550,21542.17,66.12,714,2026-07-23,21337.35,2026-08-12,Current,0,21.4,Yes,Yes
MORT500126,CUST10126,ICICI001,2023-04-23,2048-04-23,Ahmedabad,Gujarat,Villa,Home Purchase,7807000,5164000,2643000,25,9.62,Fixed,4934181,45549.2,63.2,759,2026-07-28,39691.16,2026-08-17,60_DPD,72,29.6,No,No
MORT500127,CUST10127,SBI001,2024-12-11,2049-12-11,Bengaluru,Karnataka,Villa,Home Purchase,23882000,14589000,9293000,25,10.19,Floating,14280771,134529.37,59.8,850,2026-07-11,138166.23,2026-08-13,Current,0,53.4,Yes,Yes
MORT500128,CUST10128,PNB001,2021-05-05,2041-05-05,Kolkata,West Bengal,Independent House,Home Purchase,12292000,10217000,2075000,20,9.09,Floating,8928192,92517.21,72.63,850,2026-08-06,94208.03,2026-08-24,Current,0,53.4,Yes,Yes
MORT500129,CUST10129,PNB001,2022-09-20,2042-09-20,Kolkata,West Bengal,Plot + Construction,Home Purchase,24024000,13710000,10314000,20,7.99,Fixed,12032551,114590.62,50.09,779,2026-08-23,117139.06,2026-09-16,Current,0,32.3,Yes,Yes
MORT500130,CUST10130,KOTAK001,2022-08-11,2032-08-11,Delhi,Delhi,Independent House,Home Construction,22895000,13549000,9346000,10,8.39,Floating,8814787,167192.16,38.5,747,2026-08-30,123070.3,2026-09-24,30_DPD,47,21.5,Yes,No
MORT500131,CUST10131,SBI001,2024-09-05,2054-09-05,Pune,Maharashtra,Apartment,Home Construction,8272000,6173000,2099000,30,8.88,Floating,6074288,49137.29,73.43,764,2026-06-30,49923.5,2026-08-01,Current,0,26.3,Yes,Yes
MORT500132,CUST10132,KOTAK001,2025-01-17,2055-01-17,Bengaluru,Karnataka,Apartment,Balance Transfer,7617000,5112000,2505000,30,9.59,Floating,5081058,43320.55,66.71,779,2026-08-21,43504.0,2026-09-06,Current,0,33.7,No,Yes
MORT500133,CUST10133,SBI001,2019-02-10,2039-02-10,Delhi,Delhi,Villa,Home Construction,11765000,8768000,2997000,20,7.3,Floating,6803216,69566.04,57.83,749,2026-07-27,71208.27,2026-08-17,Current,0,53.2,Yes,Yes
MORT500134,CUST10134,AXIS001,2022-06-15,2037-06-15,Chennai,Tamil Nadu,Apartment,Home Purchase,22251000,18110000,4141000,15,7.85,Floating,0,171504.02,0.0,835,2026-09-01,116341.26,2026-09-17,Closed,0,24.9,No,No
MORT500135,CUST10135,PNB001,2021-06-07,2041-06-07,Jaipur,Rajasthan,Plot + Construction,Home Purchase,20997000,13945000,7052000,20,10.14,Floating,12328881,135868.3,58.72,745,2026-07-30,138571.5,2026-08-21,Current,0,46.7,Yes,Yes
MORT500136,CUST10136,AXIS001,2022-04-06,2047-04-06,Delhi,Delhi,Plot + Construction,Home Purchase,9627000,7770000,1857000,25,7.97,Floating,7227093,59815.79,75.07,719,2026-08-01,61293.2,2026-08-23,Current,0,23.8,Yes,Yes
MORT500137,CUST10137,HDFC001,2022-06-14,2037-06-14,Bhubaneswar,Odisha,Plot + Construction,Home Purchase,22354000,17684000,4670000,15,10.15,Floating,14818750,191659.24,66.29,823,2026-09-07,193190.17,2026-09-26,Current,0,54.3,Yes,Yes
MORT500138,CUST10138,SBI001,2020-10-05,2050-10-05,Ahmedabad,Gujarat,Independent House,Home Construction,10079000,6440000,3639000,30,7.45,Floating,5917886,44809.13,58.72,838,2026-07-17,44616.59,2026-08-12,Current,0,33.4,Yes,Yes
MORT500139,CUST10139,ICICI001,2022-10-16,2047-10-16,Pune,Maharashtra,Independent House,Balance Transfer,21085000,12233000,8852000,25,7.55,Floating,11307786,90799.02,53.63,848,2026-08-22,92803.17,2026-09-22,Current,0,47.1,No,Yes
MORT500140,CUST10140,HDFC001,2021-01-20,2046-01-20,Ahmedabad,Gujarat,Villa,Home Purchase,4893000,3153000,1740000,25,9.25,Fixed,2926503,27001.72,59.81,742,2026-07-22,27398.85,2026-08-08,Current,0,32.0,Yes,Yes
MORT500141,CUST10141,PNB001,2025-05-03,2050-05-03,Pune,Maharashtra,Independent House,Home Construction,11687000,9090000,2597000,25,7.83,Floating,8880824,69137.5,75.99,807,2026-08-11,69300.17,2026-08-27,Current,0,42.0,Yes,No
MORT500142,CUST10142,ICICI001,2024-03-19,2054-03-19,Delhi,Delhi,Independent House,Home Purchase,4991000,3378000,1613000,30,9.43,Fixed,3314754,28231.69,66.41,779,2026-08-23,29040.22,2026-09-25,Current,0,26.7,Yes,Yes
MORT500143,CUST10143,HDFC001,2022-04-13,2052-04-13,Chennai,Tamil Nadu,Independent House,Home Purchase,18850000,12091000,6759000,30,7.99,Floating,11599249,88635.2,61.53,780,2026-08-25,88939.96,2026-09-09,Current,0,25.1,Yes,Yes
MORT500144,CUST10144,PNB001,2021-09-27,2046-09-27,Ahmedabad,Gujarat,Plot + Construction,Home Purchase,15973000,9094000,6879000,25,9.86,Floating,0,81741.45,0.0,850,2026-07-24,71666.57,2026-08-23,Closed,0,52.8,Yes,Yes
MORT500145,CUST10145,AXIS001,2024-02-21,2044-02-21,Ahmedabad,Gujarat,Independent House,Home Purchase,3932000,3143000,789000,20,7.46,Floating,2941740,25242.98,74.82,813,2026-07-12,25614.62,2026-08-08,Current,0,52.1,Yes,No
MORT500146,CUST10146,PNB001,2025-09-19,2050-09-19,Hyderabad,Telangana,Plot + Construction,Balance Transfer,12476000,9134000,3342000,25,8.96,Floating,9013435,76402.16,72.25,787,2026-08-09,76737.06,2026-09-04,Current,0,51.1,Yes,No
MORT500147,CUST10147,HDFC001,2020-11-23,2050-11-23,Delhi,Delhi,Apartment,Home Purchase,8552000,5748000,2804000,30,7.11,Floating,5255581,38667.16,61.45,747,2026-07-20,38810.79,2026-08-16,Current,0,41.9,Yes,No
MORT500148,CUST10148,ICICI001,2019-01-08,2029-01-08,Delhi,Delhi,Villa,Home Purchase,4931000,3213000,1718000,10,8.9,Floating,988330,40527.24,20.04,646,2026-08-05,18979.03,2026-09-05,60_DPD,68,48.3,Yes,Yes
MORT500149,CUST10149,AXIS001,2019-07-13,2039-07-13,Pune,Maharashtra,Independent House,Home Construction,3509000,2404000,1105000,20,7.62,Floating,1879241,19543.24,53.55,805,2026-09-01,19957.35,2026-09-16,Current,0,22.4,Yes,Yes
MORT500150,CUST10150,AXIS001,2019-11-14,2029-11-14,Hyderabad,Telangana,Plot + Construction,Home Construction,8296000,4711000,3585000,10,9.26,Floating,1844603,60341.86,22.23,750,2026-07-03,59413.46,2026-08-04,Current,0,31.7,Yes,Yes
MORT500151,CUST10151,KOTAK001,2019-12-26,2039-12-26,Jaipur,Rajasthan,Independent House,Home Purchase,19372000,13053000,6319000,20,9.14,Floating,10732935,118619.07,55.4,697,2026-06-30,120029.91,2026-08-03,Current,0,31.0,Yes,Yes
MORT500152,CUST10152,PNB001,2021-08-02,2031-08-02,Bhubaneswar,Odisha,Villa,Home Purchase,11996000,7660000,4336000,10,8.92,Floating,4092231,96702.31,34.11,760,2026-08-05,98856.86,2026-08-25,Current,0,42.2,No,Yes
MORT500153,CUST10153,SBI001,2021-07-09,2041-07-09,Ahmedabad,Gujarat,Plot + Construction,Home Purchase,20252000,13851000,6401000,20,9.69,Floating,12040388,130832.85,59.45,659,2026-09-09,130786.89,2026-09-27,Current,0,32.5,Yes,No
MORT500154,CUST10154,PNB001,2025-04-05,2050-04-05,Pune,Maharashtra,Plot + Construction,Home Purchase,10282000,6132000,4150000,25,9.13,Fixed,5998027,52006.5,58.34,721,2026-08-02,51775.64,2026-08-27,Current,0,25.2,Yes,No
MORT500155,CUST10155,SBI001,2020-04-24,2050-04-24,Chennai,Tamil Nadu,Villa,Home Purchase,12715000,9619000,3096000,30,8.63,Fixed,9018367,74849.82,70.93,790,2026-07-20,74804.86,2026-08-14,Current,0,40.9,Yes,No
MORT500156,CUST10156,HDFC001,2021-05-10,2046-05-10,Mumbai,Maharashtra,Apartment,Balance Transfer,5113000,4278000,835000,25,9.9,Floating,4008470,38573.05,78.4,760,2026-07-15,38093.95,2026-08-13,Current,0,48.5,Yes,Yes
MORT500157,CUST10157,KOTAK001,2024-04-05,2039-04-05,Pune,Maharashtra,Plot + Construction,Home Construction,14959000,10658000,4301000,15,9.73,Floating,9898488,112777.39,66.17,701,2026-07-24,114341.54,2026-08-21,Current,0,33.4,Yes,No
MORT500158,CUST10158,KOTAK001,2022-03-01,2042-03-01,Bengaluru,Karnataka,Plot + Construction,Home Purchase,5632000,3848000,1784000,20,8.64,Floating,3486635,33735.58,61.91,711,2026-08-06,33400.44,2026-09-08,Current,0,24.6,Yes,Yes
MORT500159,CUST10159,SBI001,2019-05-04,2044-05-04,Delhi,Delhi,Plot + Construction,Balance Transfer,5478000,3987000,1491000,25,8.21,Floating,3447419,31329.01,62.93,776,2026-07-21,31433.62,2026-08-24,Current,0,26.9,Yes,Yes
MORT500160,CUST10160,ICICI001,2021-03-26,2051-03-26,Bengaluru,Karnataka,Independent House,Home Construction,13377000,10823000,2554000,30,8.28,Floating,10262776,81537.96,76.72,738,2026-07-21,83652.79,2026-08-15,Current,0,28.3,Yes,No
MORT500161,CUST10161,ICICI001,2023-11-18,2043-11-18,Chennai,Tamil Nadu,Villa,Home Purchase,16048000,11674000,4374000,20,8.6,Floating,10726880,102049.76,66.84,749,2026-08-06,101600.23,2026-09-08,Current,0,30.5,Yes,Yes
MORT500162,CUST10162,SBI001,2025-07-16,2050-07-16,Mumbai,Maharashtra,Plot + Construction,Balance Transfer,23408000,13089000,10319000,25,8.76,Floating,12883592,107699.32,55.04,822,2026-07-26,110879.39,2026-08-24,Current,0,42.5,No,Yes
MORT500163,CUST10163,PNB001,2025-07-03,2050-07-03,Ahmedabad,Gujarat,Plot + Construction,Home Purchase,21268000,16422000,4846000,25,9.47,Fixed,16192067,143136.15,76.13,792,2026-08-31,145448.87,2026-09-23,Current,0,41.0,No,Yes
MORT500164,CUST10164,PNB001,2025-06-11,2045-06-11,Delhi,Delhi,Plot + Construction,Home Purchase,4997000,3960000,1037000,20,7.33,Floating,3853610,31491.12,77.12,784,2026-09-01,32112.31,2026-09-17,Current,0,44.4,Yes,No
MORT500165,CUST10165,KOTAK001,2020-08-15,2035-08-15,Delhi,Delhi,Villa,Home Purchase,21927000,14700000,7227000,15,7.58,Floating,10273858,136939.95,46.85,745,2026-07-25,138333.27,2026-08-21,Current,0,32.7,Yes,No
MORT500166,CUST10166,AXIS001,2024-01-23,2044-01-23,Mumbai,Maharashtra,Apartment,Balance Transfer,12610000,9152000,3458000,20,7.33,Floating,8697676,72779.48,68.97,649,2026-08-23,73334.43,2026-09-21,Current,0,48.8,No,Yes
MORT500167,CUST10167,SBI001,2020-12-23,2035-12-23,Ahmedabad,Gujarat,Plot + Construction,Home Purchase,22345000,17812000,4533000,15,7.96,Floating,13064303,169809.69,58.47,760,2026-09-02,174018.65,2026-09-22,Current,0,27.1,Yes,No
MORT500168,CUST10168,PNB001,2023-12-25,2038-12-25,Hyderabad,Telangana,Plot + Construction,Balance Transfer,23445000,18709000,4736000,15,8.88,Fixed,16590777,188425.91,70.76,759,2026-07-23,188636.8,2026-08-19,Current,0,36.4,No,Yes
MORT500169,CUST10169,HDFC001,2021-05-17,2046-05-17,Kolkata,West Bengal,Independent House,Home Purchase,13611000,9069000,4542000,25,9.32,Floating,8372522,78103.78,61.51,790,2026-08-18,80254.65,2026-09-12,Current,0,48.0,Yes,Yes
MORT500170,CUST10170,AXIS001,2022-03-19,2042-03-19,Pune,Maharashtra,Villa,Home Construction,3584000,2358000,1226000,20,8.68,Floating,2105278,20732.7,58.74,740,2026-08-28,20701.4,2026-09-14,Current,0,26.3,No,No
MORT500171,CUST10171,SBI001,2020-05-13,2040-05-13,Bengaluru,Karnataka,Villa,Home Purchase,18692000,12362000,6330000,20,9.4,Floating,10512739,114424.0,56.24,795,2026-08-02,115863.68,2026-08-24,Current,0,23.8,Yes,No
MORT500172,CUST10172,SBI001,2022-12-21,2047-12-21,Bengaluru,Karnataka,Independent House,Home Purchase,13033000,9433000,3600000,25,7.24,Fixed,8688863,68121.61,66.67,801,2026-08-26,67099.33,2026-09-21,Current,0,50.9,No,No
MORT500173,CUST10173,AXIS001,2024-08-02,2034-08-02,Delhi,Delhi,Plot + Construction,Home Construction,5298000,3571000,1727000,10,8.37,Floating,3073367,44027.39,58.01,810,2026-09-06,44824.97,2026-09-26,Current,0,32.0,Yes,Yes
MORT500174,CUST10174,AXIS001,2022-10-12,2037-10-12,Kolkata,West Bengal,Apartment,Home Purchase,2881000,2250000,631000,15,7.48,Floating,1824037,20832.21,63.31,707,2026-08-10,21185.35,2026-08-25,Current,0,43.9,Yes,No
MORT500175,CUST10175,SBI001,2021-05-04,2041-05-04,Ahmedabad,Gujarat,Plot + Construction,Home Purchase,22283000,16772000,5511000,20,9.71,Floating,14782155,158644.18,66.34,708,2026-08-11,162906.78,2026-09-03,Current,0,20.9,No,Yes
MORT500176,CUST10176,HDFC001,2022-07-12,2032-07-12,Delhi,Delhi,Independent House,Home Construction,24050000,20029000,4021000,10,10.22,Floating,14188321,267130.78,59.0,723,2026-07-31,270065.67,2026-08-26,Current,0,44.2,Yes,No
MORT500177,CUST10177,SBI001,2021-03-11,2051-03-11,Bengaluru,Karnataka,Apartment,Balance Transfer,14363000,11805000,2558000,30,9.12,Fixed,11329179,96006.75,78.88,751,2026-07-23,97398.85,2026-08-15,Current,0,31.1,Yes,Yes
MORT500178,CUST10178,PNB001,2022-04-09,2042-04-09,Bhubaneswar,Odisha,Villa,Home Purchase,5521000,4623000,898000,20,7.86,Floating,4073327,38266.8,73.78,782,2026-08-21,19446.6,2026-09-22,90+_DPD,95,22.0,Yes,No
MORT500179,CUST10179,HDFC001,2023-08-12,2048-08-12,Delhi,Delhi,Independent House,Home Purchase,17673000,10447000,7226000,25,8.76,Floating,9905609,85960.33,56.05,775,2026-09-01,85356.64,2026-09-27,Current,0,41.3,Yes,Yes
MORT500180,CUST10180,AXIS001,2025-06-22,2035-06-22,Bhubaneswar,Odisha,Villa,Home Purchase,2819000,2252000,567000,10,8.22,Floating,2100464,27585.47,74.51,714,2026-07-12,23829.8,2026-08-08,60_DPD,61,28.4,No,Yes
MORT500181,CUST10181,SBI001,2021-07-17,2036-07-17,Hyderabad,Telangana,Villa,Home Construction,15214000,11890000,3324000,15,7.14,Floating,8739675,107803.47,57.44,794,2026-07-28,107381.26,2026-08-21,Current,0,33.5,Yes,Yes
MORT500182,CUST10182,HDFC001,2021-06-05,2036-06-05,Chennai,Tamil Nadu,Villa,Home Purchase,11562000,9462000,2100000,15,9.94,Fixed,0,101332.1,0.0,748,2026-09-04,86801.56,2026-09-19,Closed,0,22.8,No,Yes
MORT500183,CUST10183,SBI001,2023-03-03,2053-03-03,Bhubaneswar,Odisha,Villa,Home Purchase,15485000,10176000,5309000,30,7.89,Floating,9866763,73889.04,63.72,835,2026-08-30,76011.03,2026-09-26,Current,0,25.2,Yes,Yes
MORT500184,CUST10184,AXIS001,2019-05-26,2049-05-26,Chennai,Tamil Nadu,Villa,Balance Transfer,5834000,4398000,1436000,30,8.46,Floating,4041532,33692.22,69.28,691,2026-07-10,33494.27,2026-08-12,Current,0,30.4,Yes,No
MORT500185,CUST10185,ICICI001,2025-10-08,2045-10-08,Ahmedabad,Gujarat,Apartment,Home Purchase,19670000,15676000,3994000,20,8.82,Floating,15188281,139231.44,77.22,801,2026-09-07,138502.16,2026-09-25,Current,0,23.1,Yes,Yes
MORT500186,CUST10186,KOTAK001,2025-08-27,2050-08-27,Mumbai,Maharashtra,Villa,Home Purchase,9974000,7561000,2413000,25,9.16,Floating,7464366,64282.11,74.84,670,2026-07-18,64363.2,2026-08-21,Current,0,51.9,Yes,No
MORT500187,CUST10187,HDFC001,2024-09-25,2044-09-25,Delhi,Delhi,Apartment,Home Construction,3880000,2556000,1324000,20,7.73,Floating,2408026,20951.92,62.06,758,2026-07-09,16716.03,2026-08-04,30_DPD,51,20.2,Yes,Yes
MORT500188,CUST10188,SBI001,2020-02-05,2045-02-05,Hyderabad,Telangana,Independent House,Home Purchase,20878000,12620000,8258000,25,9.94,Floating,0,114144.69,0.0,747,2026-08-31,51031.06,2026-09-22,Closed,0,36.9,No,Yes
MORT500189,CUST10189,SBI001,2020-09-17,2050-09-17,Bhubaneswar,Odisha,Plot + Construction,Home Purchase,3455000,2175000,1280000,30,8.03,Floating,2022187,16004.89,58.53,840,2026-07-04,16431.36,2026-08-04,Current,0,24.3,Yes,Yes
MORT500190,CUST10190,KOTAK001,2025-11-06,2050-11-06,Ahmedabad,Gujarat,Villa,Home Purchase,18128000,13935000,4193000,25,7.96,Floating,13586912,107183.6,74.95,777,2026-07-17,108604.57,2026-08-06,Current,0,30.8,Yes,Yes
MORT500191,CUST10191,KOTAK001,2019-12-16,2039-12-16,Mumbai,Maharashtra,Villa,Home Purchase,23810000,16640000,7170000,20,7.61,Floating,13212235,135172.15,55.49,774,2026-09-05,136246.64,2026-09-23,Current,0,52.4,No,Yes
MORT500192,CUST10192,AXIS001,2019-01-08,2029-01-08,Pune,Maharashtra,Plot + Construction,Home Purchase,13858000,10609000,3249000,10,7.66,Floating,3864977,126818.4,27.89,742,2026-07-18,129410.51,2026-08-11,Current,0,25.7,Yes,Yes
MORT500193,CUST10193,HDFC001,2024-03-25,2049-03-25,Pune,Maharashtra,Apartment,Home Construction,8136000,6000000,2136000,25,9.72,Floating,5863369,53342.28,72.07,763,2026-07-10,53932.49,2026-08-05,Current,0,53.8,No,Yes
MORT500194,CUST10194,PNB001,2024-05-22,2039-05-22,Mumbai,Maharashtra,Villa,Home Purchase,10507000,6043000,4464000,15,9.23,Floating,5437833,62121.7,51.75,724,2026-07-20,62872.54,2026-08-04,Current,0,27.2,Yes,Yes
MORT500195,CUST10195,SBI001,2024-07-19,2049-07-19,Ahmedabad,Gujarat,Independent House,Home Purchase,16025000,13575000,2450000,25,10.07,Floating,13205652,124026.63,82.41,758,2026-09-07,90948.39,2026-09-26,90+_DPD,155,46.0,No,Yes
MORT500196,CUST10196,ICICI001,2019-11-17,2039-11-17,Chennai,Tamil Nadu,Apartment,Balance Transfer,8446000,5166000,3280000,20,7.95,Floating,4003685,43049.88,47.4,745,2026-09-01,43470.39,2026-09-26,Current,0,39.1,Yes,Yes
MORT500197,CUST10197,SBI001,2022-11-09,2037-11-09,Delhi,Delhi,Apartment,Home Purchase,15979000,11778000,4201000,15,7.94,Floating,9805228,112149.12,61.36,825,2026-08-09,111305.33,2026-08-27,Current,0,51.0,No,Yes
MORT500198,CUST10198,AXIS001,2021-10-25,2036-10-25,Hyderabad,Telangana,Villa,Home Purchase,23757000,18316000,5441000,15,7.74,Floating,13959826,172299.17,58.76,815,2026-07-29,168985.81,2026-08-13,Current,0,39.4,Yes,No
MORT500199,CUST10199,KOTAK001,2022-03-01,2037-03-01,Bengaluru,Karnataka,Villa,Home Construction,18829000,13843000,4986000,15,7.78,Floating,11273072,130538.79,59.87,850,2026-08-29,129616.61,2026-09-27,Current,0,38.7,Yes,No
MORT500200,CUST10200,HDFC001,2020-03-24,2035-03-24,Bengaluru,Karnataka,Apartment,Home Purchase,14805000,11122000,3683000,15,7.74,Floating,7801728,104624.99,52.7,759,2026-07-22,102686.84,2026-08-20,Current,0,26.8,Yes,No
MORT500201,CUST10201,PNB001,2021-02-08,2041-02-08,Jaipur,Rajasthan,Apartment,Home Purchase,12057000,7410000,4647000,20,8.97,Floating,6464221,66526.79,53.61,745,2026-07-16,66518.3,2026-08-13,Current,0,25.8,Yes,Yes
MORT500202,CUST10202,AXIS001,2021-08-19,2046-08-19,Bengaluru,Karnataka,Independent House,Home Purchase,12119000,7415000,4704000,25,8.15,Floating,6723763,57968.93,55.48,809,2026-09-08,31826.69,2026-09-24,30_DPD,38,52.1,Yes,No
MORT500203,CUST10203,ICICI001,2022-02-11,2052-02-11,Hyderabad,Telangana,Independent House,Home Purchase,3940000,3142000,798000,30,8.5,Floating,3011730,24159.26,76.44,668,2026-08-06,24015.56,2026-09-04,Current,0,31.5,Yes,No
MORT500204,CUST10204,HDFC001,2019-01-06,2034-01-06,Pune,Maharashtra,Plot + Construction,Balance Transfer,6110000,3490000,2620000,15,9.19,Floating,2321602,35793.45,38.0,849,2026-09-02,36519.78,2026-09-19,Current,0,33.0,Yes,No
MORT500205,CUST10205,HDFC001,2021-08-10,2041-08-10,Kolkata,West Bengal,Apartment,Balance Transfer,10530000,6909000,3621000,20,9.59,Floating,6079463,64807.54,57.73,753,2026-09-05,64262.45,2026-09-26,Current,0,46.6,Yes,Yes
MORT500206,CUST10206,KOTAK001,2024-03-13,2044-03-13,Pune,Maharashtra,Villa,Home Purchase,6862000,5542000,1320000,20,9.74,Floating,5286783,52530.35,77.04,778,2026-07-30,51900.95,2026-08-22,Current,0,31.9,Yes,No
MORT500207,CUST10207,SBI001,2024-04-15,2044-04-15,Mumbai,Maharashtra,Independent House,Home Purchase,12166000,9394000,2772000,20,8.78,Floating,8819456,83195.69,72.49,780,2026-08-18,85199.3,2026-09-11,Current,0,53.3,Yes,No
MORT500208,CUST10208,HDFC001,2021-04-02,2041-04-02,Delhi,Delhi,Villa,Home Construction,16174000,10086000,6088000,20,8.33,Fixed,8818178,86446.48,54.52,658,2026-09-02,88980.43,2026-09-24,Current,0,45.8,Yes,Yes
MORT500209,CUST10209,SBI001,2019-03-03,2044-03-03,Bengaluru,Karnataka,Apartment,Home Purchase,18298000,11006000,7292000,25,8.4,Floating,9673396,87882.84,52.87,790,2026-07-31,86752.85,2026-08-21,Current,0,40.9,Yes,No
MORT500210,CUST10210,AXIS001,2023-10-17,2043-10-17,Ahmedabad,Gujarat,Plot + Construction,Home Purchase,19892000,16618000,3274000,20,9.03,Floating,15261614,149837.24,76.72,850,2026-07-21,151999.63,2026-08-15,Current,0,50.8,Yes,Yes
MORT500211,CUST10211,KOTAK001,2022-09-24,2047-09-24,Ahmedabad,Gujarat,Independent House,Home Purchase,12964000,10530000,2434000,25,7.5,Floating,9778551,77815.77,75.43,817,2026-07-15,78073.77,2026-08-13,Current,0,21.7,Yes,Yes
MORT500212,CUST10212,PNB001,2020-03-16,2035-03-16,Hyderabad,Telangana,Villa,Home Purchase,3445000,2390000,1055000,15,9.44,Floating,1683095,24870.51,48.86,850,2026-08-02,25011.49,2026-08-18,Current,0,29.0,Yes,Yes
MORT500213,CUST10213,SBI001,2023-11-10,2043-11-10,Hyderabad,Telangana,Apartment,Home Purchase,7453000,4883000,2570000,20,7.32,Floating,4487419,38801.43,60.21,752,2026-07-02,30233.81,2026-08-02,30_DPD,59,36.3,Yes,No
MORT500214,CUST10214,AXIS001,2019-04-08,2039-04-08,Bengaluru,Karnataka,Independent House,Home Construction,14831000,10475000,4356000,20,9.23,Floating,8598490,95801.31,57.98,738,2026-07-22,97058.63,2026-08-12,Current,0,27.9,No,Yes
MORT500215,CUST10215,SBI001,2019-07-03,2039-07-03,Jaipur,Rajasthan,Independent House,Home Construction,19922000,16053000,3869000,20,9.49,Floating,12874090,149530.21,64.62,850,2026-09-05,151023.8,2026-09-27,Current,0,46.0,Yes,Yes
MORT500216,CUST10216,ICICI001,2020-12-11,2035-12-11,Bengaluru,Karnataka,Independent House,Home Purchase,4232000,3211000,1021000,15,9.69,Floating,2422574,33899.17,57.24,723,2026-08-27,34300.47,2026-09-25,Current,0,52.2,Yes,Yes
MORT500217,CUST10217,PNB001,2024-12-21,2049-12-21,Kolkata,West Bengal,Apartment,Balance Transfer,7421000,5407000,2014000,25,9.19,Floating,5267449,46080.91,70.98,800,2026-08-13,45757.37,2026-09-01,Current,0,34.8,Yes,Yes
MORT500218,CUST10218,PNB001,2021-05-24,2046-05-24,Chennai,Tamil Nadu,Apartment,Home Purchase,20135000,13666000,6469000,25,8.72,Floating,12589447,112075.74,62.53,804,2026-08-11,111229.62,2026-09-02,Current,0,32.0,Yes,Yes
MORT500219,CUST10219,PNB001,2021-04-12,2041-04-12,Bengaluru,Karnataka,Plot + Construction,Home Purchase,19334000,15313000,4021000,20,10.24,Floating,13724413,150216.9,70.99,743,2026-08-30,147330.81,2026-09-16,Current,0,53.7,Yes,No
MORT500220,CUST10220,KOTAK001,2022-07-15,2042-07-15,Ahmedabad,Gujarat,Villa,Home Purchase,2620000,2179000,441000,20,8.37,Floating,1968532,18730.97,75.13,820,2026-07-25,18989.57,2026-08-19,Current,0,35.6,Yes,No
MORT500221,CUST10221,KOTAK001,2021-07-24,2041-07-24,Mumbai,Maharashtra,Independent House,Home Purchase,10858000,7987000,2871000,20,8.58,Floating,6968062,69717.98,64.17,821,2026-07-20,71632.44,2026-08-14,Current,0,37.1,Yes,Yes
MORT500222,CUST10222,AXIS001,2024-02-24,2054-02-24,Delhi,Delhi,Independent House,Home Purchase,6266000,4387000,1879000,30,9.3,Floating,4305620,36249.84,68.71,790,2026-07-11,36611.07,2026-08-01,Current,0,32.3,Yes,Yes
MORT500223,CUST10223,SBI001,2025-01-14,2040-01-14,Chennai,Tamil Nadu,Plot + Construction,Home Purchase,2931000,2297000,634000,15,9.3,Floating,2148887,23709.41,73.32,706,2026-07-14,24223.66,2026-08-02,Current,0,51.8,Yes,Yes
MORT500224,CUST10224,ICICI001,2021-08-12,2041-08-12,Hyderabad,Telangana,Villa,Home Purchase,3670000,2053000,1617000,20,7.37,Floating,1764279,16376.02,48.07,850,2026-08-21,16459.19,2026-09-11,Current,0,39.9,Yes,No
MORT500225,CUST10225,SBI001,2021-05-23,2041-05-23,Ahmedabad,Gujarat,Independent House,Home Purchase,20559000,17458000,3101000,20,9.93,Fixed,15431802,167664.61,75.06,825,2026-08-12,171160.2,2026-09-07,Current,0,46.7,Yes,Yes
MORT500226,CUST10226,AXIS001,2024-11-02,2034-11-02,Hyderabad,Telangana,Plot + Construction,Home Purchase,7243000,4482000,2761000,10,7.95,Floating,3579151,54260.69,49.42,753,2026-08-15,55235.46,2026-09-03,Current,0,48.4,Yes,Yes
MORT500227,CUST10227,ICICI001,2021-08-24,2036-08-24,Jaipur,Rajasthan,Plot + Construction,Home Purchase,8270000,5430000,2840000,15,7.3,Floating,4128916,49721.62,49.93,739,2026-08-08,50788.93,2026-08-24,Current,0,32.0,No,Yes
MORT500228,CUST10228,SBI001,2024-05-06,2049-05-06,Bengaluru,Karnataka,Apartment,Home Purchase,9332000,6005000,3327000,25,7.65,Fixed,5784855,44963.97,61.99,778,2026-07-17,44698.5,2026-08-10,Current,0,35.2,Yes,No
MORT500229,CUST10229,HDFC001,2019-02-19,2049-02-19,Ahmedabad,Gujarat,Villa,Home Construction,17445000,10638000,6807000,30,7.5,Fixed,9769305,74382.44,56.0,620,2026-08-23,76012.27,2026-09-12,Current,0,49.7,Yes,No
MORT500230,CUST10230,AXIS001,2025-07-04,2045-07-04,Pune,Maharashtra,Plot + Construction,Home Purchase,14062000,11545000,2517000,20,9.68,Floating,11257521,108975.19,80.06,850,2026-08-29,110308.75,2026-09-26,Current,0,32.7,No,No
MORT500231,CUST10231,ICICI001,2019-11-06,2034-11-06,Mumbai,Maharashtra,Independent House,Home Purchase,21731000,13030000,8701000,15,8.65,Floating,8617678,129459.81,39.66,771,2026-07-19,129295.06,2026-08-08,Current,0,47.8,Yes,No
MORT500232,CUST10232,SBI001,2021-12-17,2046-12-17,Jaipur,Rajasthan,Independent House,Home Purchase,15398000,10029000,5369000,25,7.18,Floating,9094125,72038.63,59.06,805,2026-08-04,70600.21,2026-08-22,Current,0,52.9,Yes,Yes
MORT500233,CUST10233,AXIS001,2022-01-22,2037-01-22,Kolkata,West Bengal,Apartment,Home Purchase,14973000,9131000,5842000,15,7.85,Floating,7252224,86471.74,48.44,708,2026-07-23,84770.13,2026-08-13,Current,0,41.8,No,Yes
MORT500234,CUST10234,AXIS001,2025-02-22,2045-02-22,Bhubaneswar,Odisha,Villa,Balance Transfer,15930000,13538000,2392000,20,8.35,Floating,13239724,116203.82,83.11,723,2026-08-23,116846.32,2026-09-23,Current,0,46.0,No,Yes
MORT500235,CUST10235,HDFC001,2020-12-21,2030-12-21,Pune,Maharashtra,Plot + Construction,Home Purchase,3286000,2351000,935000,10,9.74,Floating,1217658,30731.14,37.06,717,2026-08-05,30287.99,2026-09-01,Current,0,48.2,Yes,Yes
MORT500236,CUST10236,PNB001,2024-12-01,2044-12-01,Jaipur,Rajasthan,Apartment,Home Construction,6996000,3964000,3032000,20,9.15,Floating,3811282,36048.44,54.48,798,2026-07-19,35986.95,2026-08-08,Current,0,49.6,Yes,Yes
MORT500237,CUST10237,KOTAK001,2021-06-08,2046-06-08,Pune,Maharashtra,Villa,Home Purchase,7775000,5081000,2694000,25,10.13,Fixed,4745436,46637.53,61.03,826,2026-08-21,47149.65,2026-09-06,Current,0,33.8,Yes,Yes
MORT500238,CUST10238,AXIS001,2024-10-17,2044-10-17,Pune,Maharashtra,Apartment,Home Purchase,24176000,13371000,10805000,20,9.32,Floating,12724511,123067.82,52.63,850,2026-07-23,122533.48,2026-08-14,Current,0,21.8,No,Yes
MORT500239,CUST10239,SBI001,2019-12-08,2049-12-08,Chennai,Tamil Nadu,Villa,Balance Transfer,12688000,7734000,4954000,30,7.86,Fixed,7072648,55996.37,55.74,724,2026-08-31,44153.69,2026-09-24,30_DPD,32,34.1,Yes,No
MORT500240,CUST10240,HDFC001,2023-03-26,2053-03-26,Kolkata,West Bengal,Independent House,Home Purchase,20145000,13874000,6271000,30,7.89,Floating,13476727,100740.61,66.9,650,2026-09-05,82066.68,2026-09-23,30_DPD,49,43.6,Yes,Yes
MORT500241,CUST10241,ICICI001,2024-03-26,2044-03-26,Delhi,Delhi,Plot + Construction,Home Purchase,21921000,17466000,4455000,20,8.63,Fixed,16652571,153014.15,75.97,777,2026-07-26,152670.87,2026-08-14,Current,0,35.8,No,No
MORT500242,CUST10242,KOTAK001,2025-04-27,2055-04-27,Jaipur,Rajasthan,Independent House,Home Purchase,20972000,15099000,5873000,30,9.93,Floating,15006349,131724.16,71.55,767,2026-07-14,134365.11,2026-08-08,Current,0,46.2,Yes,No
MORT500243,CUST10243,KOTAK001,2025-05-24,2040-05-24,Pune,Maharashtra,Apartment,Home Construction,15664000,9679000,5985000,15,9.57,Floating,9182825,101479.74,58.62,783,2026-08-22,100953.86,2026-09-13,Current,0,32.5,Yes,Yes
MORT500244,CUST10244,HDFC001,2020-09-07,2050-09-07,Bengaluru,Karnataka,Villa,Home Purchase,12203000,7984000,4219000,30,7.27,Fixed,7317489,54573.3,59.96,850,2026-08-07,55049.28,2026-09-05,Current,0,42.2,Yes,No
MORT500245,CUST10245,PNB001,2020-05-15,2045-05-15,Delhi,Delhi,Apartment,Home Purchase,13240000,8675000,4565000,25,9.64,Floating,8000997,76639.13,60.43,676,2026-08-16,75641.28,2026-09-14,Current,0,26.5,Yes,Yes
MORT500246,CUST10246,HDFC001,2019-05-24,2049-05-24,Bhubaneswar,Odisha,Apartment,Home Purchase,5169000,4291000,878000,30,8.77,Floating,3965236,33818.63,76.71,620,2026-08-05,34784.4,2026-09-06,Current,0,46.2,No,No
MORT500247,CUST10247,SBI001,2023-07-12,2038-07-12,Hyderabad,Telangana,Apartment,Home Purchase,16288000,13544000,2744000,15,7.34,Floating,11775481,124326.27,72.3,639,2026-08-24,127429.83,2026-09-24,Current,0,39.1,Yes,Yes
MORT500248,CUST10248,PNB001,2022-06-26,2042-06-26,Hyderabad,Telangana,Plot + Construction,Home Purchase,8757000,5386000,3371000,20,8.85,Floating,4781194,47940.87,54.6,822,2026-08-28,48317.3,2026-09-13,Current,0,27.1,No,No
MORT500249,CUST10249,KOTAK001,2021-09-07,2036-09-07,Pune,Maharashtra,Villa,Home Construction,22439000,18631000,3808000,15,9.1,Floating,14310422,190077.93,63.77,745,2026-07-22,194112.07,2026-08-07,Current,0,30.2,Yes,Yes
MORT500250,CUST10250,ICICI001,2024-08-26,2039-08-26,Jaipur,Rajasthan,Villa,Home Purchase,4921000,3841000,1080000,15,8.47,Floating,3473551,37756.33,70.59,727,2026-07-07,37407.47,2026-08-10,Current,0,46.2,Yes,Yes
MORT500251,CUST10251,ICICI001,2021-11-17,2046-11-17,Delhi,Delhi,Apartment,Home Purchase,9798000,6076000,3722000,25,9.8,Floating,5655692,54358.35,57.72,701,2026-07-15,55962.82,2026-08-11,Current,0,36.9,No,No
MORT500252,CUST10252,HDFC001,2025-01-18,2040-01-18,Kolkata,West Bengal,Independent House,Balance Transfer,23617000,14273000,9344000,15,7.8,Floating,13613780,134757.39,57.64,750,2026-08-06,135871.97,2026-09-02,Current,0,27.6,Yes,Yes
MORT500253,CUST10253,ICICI001,2019-10-23,2044-10-23,Bhubaneswar,Odisha,Villa,Home Purchase,3679000,2200000,1479000,25,7.34,Floating,1874446,16029.54,50.95,739,2026-09-01,16451.85,2026-09-25,Current,0,53.9,Yes,No
MORT500254,CUST10254,PNB001,2021-02-03,2031-02-03,Hyderabad,Telangana,Villa,Home Purchase,15623000,8646000,6977000,10,8.07,Floating,4529992,105219.91,29.0,732,2026-08-29,99174.6,2026-09-27,90+_DPD,91,45.0,Yes,No
MORT500255,CUST10255,AXIS001,2022-11-17,2037-11-17,Delhi,Delhi,Plot + Construction,Home Construction,9645000,6055000,3590000,15,7.38,Fixed,4951904,55718.49,51.34,806,2026-08-21,56450.62,2026-09-14,Current,0,53.5,No,No
MORT500256,CUST10256,SBI001,2023-03-15,2043-03-15,Kolkata,West Bengal,Independent House,Home Purchase,14424000,8631000,5793000,20,9.64,Floating,7971520,81242.94,55.27,739,2026-09-05,81025.86,2026-09-25,Current,0,34.9,Yes,No
MORT500257,CUST10257,HDFC001,2020-05-22,2030-05-22,Delhi,Delhi,Plot + Construction,Home Purchase,11318000,8592000,2726000,10,9.12,Floating,4156178,109398.6,36.72,690,2026-07-30,108526.32,2026-08-19,Current,0,36.6,Yes,No
MORT500258,CUST10258,SBI001,2022-02-18,2032-02-18,Mumbai,Maharashtra,Independent House,Home Purchase,17269000,12270000,4999000,10,7.21,Fixed,7325589,143796.65,42.42,699,2026-07-20,141763.94,2026-08-10,Current,0,51.4,Yes,Yes
MORT500259,CUST10259,ICICI001,2021-09-21,2046-09-21,Mumbai,Maharashtra,Villa,Home Purchase,9012000,6221000,2791000,25,8.4,Floating,5756722,49674.65,63.88,799,2026-08-13,49373.96,2026-09-07,Current,0,38.4,Yes,No
MORT500260,CUST10260,SBI001,2025-10-15,2050-10-15,Bhubaneswar,Odisha,Villa,Balance Transfer,3403000,2780000,623000,25,8.03,Floating,2707931,21511.77,79.57,656,2026-08-23,21192.15,2026-09-10,Current,0,44.8,No,No
MORT500261,CUST10261,KOTAK001,2021-11-13,2036-11-13,Delhi,Delhi,Plot + Construction,Home Construction,5915000,4832000,1083000,15,9.51,Floating,3880398,50486.1,65.6,668,2026-07-17,50065.38,2026-08-10,Current,0,28.8,Yes,No
MORT500262,CUST10262,HDFC001,2020-05-22,2035-05-22,Jaipur,Rajasthan,Independent House,Home Purchase,16135000,12986000,3149000,15,9.41,Fixed,9744809,134898.67,60.4,731,2026-08-16,135339.37,2026-09-08,Current,0,35.6,Yes,Yes
MORT500263,CUST10263,PNB001,2020-04-07,2040-04-07,Mumbai,Maharashtra,Independent House,Balance Transfer,12094000,8640000,3454000,20,8.03,Fixed,7100418,72429.82,58.71,849,2026-08-17,74022.63,2026-09-14,Current,0,24.3,Yes,No
MORT500264,CUST10264,ICICI001,2022-06-24,2047-06-24,Ahmedabad,Gujarat,Villa,Home Purchase,24808000,19054000,5754000,25,10.23,Floating,18090283,176242.71,72.92,850,2026-07-01,181053.47,2026-08-04,Current,0,27.2,Yes,No
MORT500265,CUST10265,AXIS001,2021-11-05,2041-11-05,Kolkata,West Bengal,Independent House,Home Purchase,16759000,12201000,4558000,20,9.4,Fixed,10877854,112933.77,64.91,651,2026-08-25,113276.35,2026-09-17,Current,0,20.0,No,No
MORT500266,CUST10266,AXIS001,2021-04-23,2046-04-23,Pune,Maharashtra,Villa,Balance Transfer,20046000,11736000,8310000,25,9.34,Fixed,10983392,101234.79,54.79,798,2026-09-01,103737.34,2026-09-23,Current,0,21.4,Yes,Yes
MORT500267,CUST10267,SBI001,2023-06-25,2043-06-25,Hyderabad,Telangana,Apartment,Home Purchase,17491000,14809000,2682000,20,8.33,Floating,13826080,126927.02,79.05,716,2026-08-28,129544.73,2026-09-14,Current,0,54.2,No,Yes
MORT500268,CUST10268,ICICI001,2019-02-20,2044-02-20,Hyderabad,Telangana,Independent House,Home Purchase,9593000,5660000,3933000,25,7.5,Floating,4838083,41826.9,50.43,749,2026-07-20,41881.15,2026-08-07,Current,0,28.5,Yes,Yes
MORT500269,CUST10269,ICICI001,2021-12-25,2041-12-25,Chennai,Tamil Nadu,Plot + Construction,Home Purchase,12468000,9166000,3302000,20,7.72,Floating,7919369,75078.59,63.52,850,2026-08-22,76701.85,2026-09-24,Current,0,43.2,Yes,No
MORT500270,CUST10270,ICICI001,2025-11-26,2045-11-26,Delhi,Delhi,Plot + Construction,Home Construction,23482000,16601000,6881000,20,8.36,Floating,16176490,142599.74,68.89,724,2026-08-15,145522.5,2026-09-01,Current,0,49.4,No,No
MORT500271,CUST10271,ICICI001,2025-11-07,2045-11-07,Bhubaneswar,Odisha,Plot + Construction,Balance Transfer,6774000,5152000,1622000,20,8.23,Floating,5008782,43833.77,73.94,703,2026-07-27,43952.52,2026-08-17,Current,0,39.3,Yes,Yes
MORT500272,CUST10272,AXIS001,2025-07-18,2045-07-18,Pune,Maharashtra,Apartment,Balance Transfer,24310000,16126000,8184000,20,8.17,Fixed,15704197,136595.44,64.6,827,2026-07-04,134643.09,2026-08-03,Current,0,25.4,Yes,Yes
MORT500273,CUST10273,KOTAK001,2024-08-25,2044-08-25,Kolkata,West Bengal,Independent House,Home Purchase,11214000,8387000,2827000,20,9.14,Floating,7988364,76216.82,71.24,846,2026-07-16,76511.84,2026-08-09,Current,0,45.5,No,Yes
MORT500274,CUST10274,ICICI001,2022-01-01,2037-01-01,Bengaluru,Karnataka,Plot + Construction,Home Purchase,17701000,9938000,7763000,15,9.3,Floating,8346728,102579.07,47.15,727,2026-08-23,101124.9,2026-09-09,Current,0,41.0,Yes,Yes
MORT500275,CUST10275,PNB001,2021-11-27,2041-11-27,Hyderabad,Telangana,Independent House,Home Purchase,5838000,3512000,2326000,20,8.86,Floating,3023722,31282.85,51.79,786,2026-08-15,31952.99,2026-09-07,Current,0,45.6,Yes,No
MORT500276,CUST10276,ICICI001,2022-12-04,2047-12-04,Jaipur,Rajasthan,Apartment,Home Purchase,8734000,7269000,1465000,25,9.86,Fixed,6889599,65337.43,78.88,850,2026-08-21,66649.69,2026-09-12,Current,0,46.9,Yes,No
MORT500277,CUST10277,ICICI001,2024-05-25,2049-05-25,Bhubaneswar,Odisha,Villa,Balance Transfer,5856000,4602000,1254000,25,8.18,Floating,4451884,36069.47,76.02,653,2026-07-26,35446.48,2026-08-21,Current,0,54.1,Yes,Yes
MORT500278,CUST10278,PNB001,2022-06-05,2047-06-05,Bengaluru,Karnataka,Independent House,Home Construction,21296000,12971000,8325000,25,7.73,Floating,12113972,97803.44,56.88,807,2026-09-06,99886.32,2026-09-22,Current,0,40.1,Yes,Yes
MORT500279,CUST10279,KOTAK001,2019-05-23,2034-05-23,Ahmedabad,Gujarat,Villa,Home Purchase,21992000,13182000,8810000,15,7.15,Floating,8723922,119591.74,39.67,787,2026-07-20,119435.13,2026-08-10,Current,0,32.0,Yes,Yes
MORT500280,CUST10280,KOTAK001,2021-10-15,2041-10-15,Kolkata,West Bengal,Plot + Construction,Home Purchase,11165000,9004000,2161000,20,9.88,Floating,7933049,86175.9,71.05,790,2026-07-02,84719.7,2026-08-04,Current,0,42.7,Yes,No
MORT500281,CUST10281,HDFC001,2023-03-16,2038-03-16,Ahmedabad,Gujarat,Apartment,Balance Transfer,8307000,4852000,3455000,15,9.55,Floating,4329572,50812.27,52.12,763,2026-08-12,51935.64,2026-09-11,Current,0,22.4,Yes,Yes
MORT500282,CUST10282,ICICI001,2019-01-26,2044-01-26,Ahmedabad,Gujarat,Plot + Construction,Home Purchase,17813000,10685000,7128000,25,9.28,Fixed,9544476,91725.69,53.58,810,2026-07-14,91202.4,2026-08-11,Current,0,51.4,Yes,Yes
MORT500283,CUST10283,PNB001,2022-03-24,2042-03-24,Mumbai,Maharashtra,Independent House,Home Construction,13517000,9119000,4398000,20,8.16,Fixed,8088864,77185.51,59.84,789,2026-07-25,76016.01,2026-08-13,Current,0,24.2,Yes,Yes
MORT500284,CUST10284,HDFC001,2020-10-23,2035-10-23,Pune,Maharashtra,Apartment,Home Purchase,9970000,7821000,2149000,15,9.08,Floating,0,79698.43,0.0,763,2026-07-29,66798.92,2026-08-26,Closed,0,31.5,Yes,No
MORT500285,CUST10285,ICICI001,2025-06-23,2035-06-23,Pune,Maharashtra,Plot + Construction,Home Purchase,6882000,5458000,1424000,10,9.4,Floating,5112498,70326.7,74.29,718,2026-08-09,69412.41,2026-08-26,Current,0,48.6,Yes,No
MORT500286,CUST10286,ICICI001,2023-07-22,2033-07-22,Kolkata,West Bengal,Plot + Construction,Home Construction,16738000,13067000,3671000,10,7.13,Floating,9503163,152595.89,56.78,762,2026-08-16,151133.38,2026-09-08,Current,0,40.9,Yes,No
MORT500287,CUST10287,HDFC001,2021-07-13,2041-07-13,Mumbai,Maharashtra,Villa,Home Purchase,15451000,9246000,6205000,20,8.84,Floating,7934439,82239.62,51.35,749,2026-07-14,83657.17,2026-08-06,Current,0,33.8,No,Yes
MORT500288,CUST10288,ICICI001,2023-01-23,2043-01-23,Mumbai,Maharashtra,Independent House,Home Purchase,23019000,13081000,9938000,20,7.68,Floating,11880467,106824.06,51.61,668,2026-08-05,105175.27,2026-08-25,Current,0,36.6,Yes,Yes
MORT500289,CUST10289,HDFC001,2021-07-21,2041-07-21,Bengaluru,Karnataka,Apartment,Home Purchase,4557000,3362000,1195000,20,8.38,Floating,2941462,28921.38,64.55,772,2026-07-17,16700.61,2026-08-19,30_DPD,31,49.9,Yes,Yes
MORT500290,CUST10290,SBI001,2019-02-16,2034-02-16,Delhi,Delhi,Independent House,Home Purchase,8054000,5170000,2884000,15,8.95,Floating,3337572,52283.92,41.44,819,2026-08-21,53128.49,2026-09-11,Current,0,31.9,No,No
MORT500291,CUST10291,SBI001,2020-12-24,2040-12-24,Jaipur,Rajasthan,Apartment,Home Purchase,20767000,11508000,9259000,20,9.21,Floating,9664332,105099.8,46.54,850,2026-08-26,108236.76,2026-09-13,Current,0,50.4,Yes,Yes
MORT500292,CUST10292,KOTAK001,2021-09-21,2031-09-21,Jaipur,Rajasthan,Villa,Home Purchase,22823000,12721000,10102000,10,8.41,Floating,7256287,157110.54,31.79,678,2026-08-22,150671.96,2026-09-07,30_DPD,38,23.1,Yes,Yes
MORT500293,CUST10293,PNB001,2020-03-05,2045-03-05,Ahmedabad,Gujarat,Plot + Construction,Home Construction,18062000,15167000,2895000,25,7.51,Floating,13575946,112181.47,75.16,789,2026-08-17,112335.53,2026-09-03,Current,0,47.2,Yes,No
MORT500294,CUST10294,PNB001,2021-06-27,2031-06-27,Kolkata,West Bengal,Villa,Home Construction,14277000,11799000,2478000,10,9.7,Floating,6515577,153971.14,45.64,849,2026-08-15,158253.79,2026-09-17,Current,0,49.7,Yes,No
MORT500295,CUST10295,ICICI001,2025-06-08,2050-06-08,Jaipur,Rajasthan,Independent House,Home Purchase,4354000,3178000,1176000,25,8.82,Floating,3122010,26279.04,71.7,728,2026-07-06,26632.96,2026-08-06,Current,0,26.4,No,Yes
MORT500296,CUST10296,HDFC001,2024-02-03,2039-02-03,Chennai,Tamil Nadu,Apartment,Home Construction,2616000,1788000,828000,15,9.25,Fixed,1632752,18401.96,62.41,783,2026-09-01,18155.08,2026-09-22,Current,0,35.1,No,Yes
MORT500297,CUST10297,KOTAK001,2024-04-03,2049-04-03,Kolkata,West Bengal,Apartment,Home Purchase,6299000,3566000,2733000,25,8.6,Floating,3456878,28955.1,54.88,698,2026-06-30,28957.7,2026-08-01,Current,0,25.8,Yes,Yes
MORT500298,CUST10298,PNB001,2019-03-16,2044-03-16,Chennai,Tamil Nadu,Villa,Home Purchase,21165000,16145000,5020000,25,9.74,Fixed,14622030,143761.12,69.09,738,2026-08-21,143229.98,2026-09-18,Current,0,44.7,Yes,No
MORT500299,CUST10299,KOTAK001,2022-07-08,2047-07-08,Bengaluru,Karnataka,Apartment,Home Purchase,16667000,13484000,3183000,25,10.18,Fixed,12858396,124244.32,77.15,770,2026-09-01,127225.65,2026-09-22,Current,0,38.7,No,No
MORT500300,CUST10300,SBI001,2021-06-02,2031-06-02,Delhi,Delhi,Villa,Home Construction,17421000,12693000,4728000,10,8.43,Floating,7243375,156900.23,41.58,667,2026-08-18,154839.83,2026-09-18,Current,0,42.2,No,Yes
